"********* Test 1 *********",""
"Timestamp","2017-06-05T04:51:56.901Z"
"First Meaningful Paint","1052.5"
"Speed Index","1423"
"Estimated Input Latency","44.9"
"Time to Interactive","2466.2"
"",""
"********* Test 2 *********",""
"Timestamp","2017-06-05T04:52:19.565Z"
"First Meaningful Paint","892.8"
"Speed Index","1369"
"Estimated Input Latency","18.8"
"Time to Interactive","2283.1"
"",""
"********* Test 3 *********",""
"Timestamp","2017-06-05T04:52:42.495Z"
"First Meaningful Paint","864.2"
"Speed Index","1370"
"Estimated Input Latency","19"
"Time to Interactive","2320.4"
"",""
"********* Test 4 *********",""
"Timestamp","2017-06-05T04:53:05.946Z"
"First Meaningful Paint","916.1"
"Speed Index","1228"
"Estimated Input Latency","46.5"
"Time to Interactive","2319.7"
"",""
"********* Test 5 *********",""
"Timestamp","2017-06-05T04:53:30.303Z"
"First Meaningful Paint","862.4"
"Speed Index","1428"
"Estimated Input Latency","19.7"
"Time to Interactive","2360.5"
"",""
"********* Test 6 *********",""
"Timestamp","2017-06-05T04:53:55.425Z"
"First Meaningful Paint","881.7"
"Speed Index","1265"
"Estimated Input Latency","19.9"
"Time to Interactive","2250.3"
"",""
"********* Test 7 *********",""
"Timestamp","2017-06-05T04:54:20.255Z"
"First Meaningful Paint","1012.9"
"Speed Index","1493"
"Estimated Input Latency","130.1"
"Time to Interactive","2970.6"
"",""
"********* Test 8 *********",""
"Timestamp","2017-06-05T04:54:42.681Z"
"First Meaningful Paint","936.5"
"Speed Index","1476"
"Estimated Input Latency","16.8"
"Time to Interactive","2424.4"
"",""
"********* Test 9 *********",""
"Timestamp","2017-06-05T04:55:04.601Z"
"First Meaningful Paint","860.5"
"Speed Index","1365"
"Estimated Input Latency","20.7"
"Time to Interactive","2312.6"
"",""
"********* Test 10 *********",""
"Timestamp","2017-06-05T04:55:25.919Z"
"First Meaningful Paint","875.9"
"Speed Index","1402"
"Estimated Input Latency","27.7"
"Time to Interactive","2313.4"
"",""
"********* Test 1 *********",""
"Timestamp","2017-06-05T05:49:29.092Z"
"First Meaningful Paint","1115.2"
"Speed Index","1621"
"Estimated Input Latency","85.9"
"Time to Interactive","2524.2"
"",""
"********* Test 2 *********",""
"Timestamp","2017-06-05T05:49:50.204Z"
"First Meaningful Paint","906"
"Speed Index","1453"
"Estimated Input Latency","28.8"
"Time to Interactive","2403.7"
"",""
